[
    {
        "id": 1,
        "cover": "https://i.ibb.co/84Zfw2n/1.jpg",
        "title": "Top 10 ES6 Features You Must Know",
        "author_img": "https://i.ibb.co/VvLNdLL/boy1.png",
        "author": "Hamza Sohail",
        "posted_date": "September 15, 2023",
        "reading_time": 5,
        "hashtags": [
            "beginners",
            "es6"
        ]
    },
    {
        "id": 2,
        "cover": "https://i.ibb.co/6N2dgnZ/2.png",
        "title": "JavaScript Objects for Absolute Beginners: A Fun Introduction",
        "author_img": "https://i.ibb.co/7rFSJx5/girl1.jpg",
        "author": "Sajal Ali",
        "posted_date": "August 28, 2023",
        "reading_time": 4,
        "hashtags": [
            "javascript",
            "coding",
            "dev"
        ]
    },
    {
        "id": 3,
        "cover": "https://i.ibb.co/RzGzcPg/3.png",
        "title": "Component lifecycle in React — Class component vs Functional component",
        "author_img": "https://i.ibb.co/vwGwnhT/boy2.jpg",
        "author": "Feroze Khan",
        "posted_date": "July 10, 2023",
        "reading_time": 10,
        "hashtags": [
            "mid_level",
            "react"
        ]
    },
    {
        "id": 4,
        "cover": "https://i.ibb.co/vvTfkcv/4.jpg",
        "title": "Free images and resources collection for website",
        "author_img": "https://i.ibb.co/Sn7zB4q/girl2.jpg",
        "author": "Anmol Baloch",
        "posted_date": "June 5, 2023",
        "reading_time": 9,
        "hashtags": [
            "development",
            "resources"
        ]
    }
]